{
  "installation": {
    "version": "21.0.0"
  },
  "$schema": "./node_modules/nx/schemas/nx-schema.json",
  "targetDefaults": {
    "@angular-devkit/build-angular:browser": {
      "cache": true,
      "dependsOn": ["^build"],
      "inputs": ["default", "^default"]
    },
    "@nx/eslint:lint": {
      "cache": true,
      "inputs": [
        "default",
        "{workspaceRoot}/.eslintrc.json",
        "{workspaceRoot}/.eslintignore",
        "{workspaceRoot}/eslint.config.mjs"
      ]
    },
    "@nx/vite:test": {
      "cache": true,
      "inputs": ["default", "^default"]
    }
  },
  "plugins": [
    {
      "plugin": "@nx/playwright/plugin",
      "options": {
        "targetName": "e2e"
      }
    },
    {
      "plugin": "@nx/eslint/plugin",
      "options": {
        "targetName": "lint"
      }
    }
  ],
  "generators": {
    "@nx/angular:application": {
      "e2eTestRunner": "playwright",
      "linter": "eslint",
      "style": "scss",
      "unitTestRunner": "vitest"
    }
  },
  "projects": {
    "shell": {
      "tags": [],
      "dependencies": ["dashboard", "application-analyzer"]
    },
    "dashboard": {
      "tags": []
    },
    "application-analyzer": {
      "tags": []
    }
  }
}
